fire.name,year,sdc,name.simple,max_tmmx,max_tmmn,min_rmax,max_bi
az3536611193219840614_SANDERSON_1984_forestedhighsev.tif,1984,0.0146,SANDERSON_1984,30.85,9.75,32.8,96
nm3302110834619850826_UNNAMED_1985_forestedhighsev.tif,1985,0.0128,UNNAMED_1985,29.75,14.25,44.2,51
nm3304810841119850601_SHELLEY_1985_forestedhighsev.tif,1985,0.0287,SHELLEY_1985,36.85,16.15,34.9,87
nm3340310855119850619_IRON_1985_forestedhighsev.tif,1985,0.0266,IRON_1985,28.95,10.65,31.6,74
az3372210909219870615_UNNAMED_1987_forestedhighsev.tif,1987,0.0166,UNNAMED_1987,29.45,8.75,41.9,72
az3444711083619870704_SLIM_1987_forestedhighsev.tif,1987,0.0101,SLIM_1987,30.55,13.95,27.2,101
az3679411221919870713_WILLIS_1987_forestedhighsev.tif,1987,0.0023,WILLIS_1987,29.55,14.85,32,84
nm3297910788419870615_ASPEN_1987_forestedhighsev.tif,1987,0.0129,ASPEN_1987,27.55,10.35,35.5,66
nm3317510843719870708_UNNAMED_1987_forestedhighsev.tif,1987,0.0148,UNNAMED_1987,31.55,13.75,25.2,84
nm3317910835519870612_SYCAMORE_1987_forestedhighsev.tif,1987,0.0142,SYCAMORE_1987,30.65,12.85,30,76
nm3322910838519870613_MILLER_1987_forestedhighsev.tif,1987,0.0136,MILLER_1987,31.35,13.45,29.2,75
nm3324910871619870615_HAYSTACK_1987_forestedhighsev.tif,1987,0.0282,HAYSTACK_1987,25.45,10.35,34.4,68
az3136211025519880610_PEAK_1988_forestedhighsev.tif,1988,0.0101,PEAK_1988,34.55,17.65,29.3,103
az3630011238619880709_DUTTON_1988_forestedhighsev.tif,1988,0.0109,DUTTON_1988,34.75,14.35,49.5,59
nm3345410790219880608_UNNAMED_1988_forestedhighsev.tif,1988,0.027,UNNAMED_1988,29.05,11.75,32.2,78
az3167810952819890704_SWISHELM_1989_forestedhighsev.tif,1989,0.0072,SWISHELM_1989,36.05,17.65,39.6,73
az3210711021219890706_GRANITE_1989_forestedhighsev.tif,1989,0.0229,GRANITE_1989,37.95,22.65,36.2,81
az3222311061819890706_CHIVA_1989_forestedhighsev.tif,1989,0.0017,CHIVA_1989,34.45,20.45,35.7,73
az3272110980119890705_MARIJILDA_1989_forestedhighsev.tif,1989,0.0134,MARIJILDA_1989,27.95,13.75,40.8,64
az3342710995419890706_SUMMIT_1989_forestedhighsev.tif,1989,0.0062,SUMMIT_1989,34.15,16.55,41.9,84
az3461511099119890706_LAVENDER_1989_forestedhighsev.tif,1989,0.0107,LAVENDER_1989,35.15,17.35,22.9,80
az3634011235419890707_MUAV_1989_forestedhighsev.tif,1989,0.0071,MUAV_1989,36.85,14.85,40.2,81
nm3157010877119890616_GRAY_1989_forestedhighsev.tif,1989,0.0119,GRAY_1989,35.05,13.15,35.2,108
nm3223310444419890320_DRENNAN_1989_forestedhighsev.tif,1989,0.0206,DRENNAN_1989,28.75,9.45,36.1,74
nm3303310834919890615_SHELLY_1989_forestedhighsev.tif,1989,0.0067,SHELLY_1989,38.55,17.45,28.5,102
nm3314910797819890616_MEASON_1989_forestedhighsev.tif,1989,0.0072,MEASON_1989,34.05,17.35,24.3,101
nm3325110785319890701_DIVIDE_1989_forestedhighsev.tif,1989,0.0142,DIVIDE_1989,30.85,13.85,25,87
nm3326310509319890419_PICACHO_1989_forestedhighsev.tif,1989,0.0164,PICACHO_1989,32.55,11.95,21.1,86
az3186311049319900626_MONTOSA_1990_forestedhighsev.tif,1990,0.0043,MONTOSA_1990,38.95,21.85,28.7,88
az3240411088019900524_BUSTER_1990_forestedhighsev.tif,1990,0.0287,BUSTER_1990,38.05,19.95,19.4,94
az3264711040919900626_MAVERICK_1990_forestedhighsev.tif,1990,0.0085,MAVERICK_1990,39.15,22.85,24,99
az3386710992619900630_UNNAMED_1990_forestedhighsev.tif,1990,0.0073,UNNAMED_1990,34.75,17.35,45.4,63
az3438411117119900625_DUDE_1990_forestedhighsev.tif,1990,0.0038,DUDE_1990,38.55,17.35,18.4,100
nm3206110470119900513_BIG_1990_forestedhighsev.tif,1990,0.0145,BIG_1990,29.35,17.15,18.8,123
nm3690210483819900630_MINE_1990_forestedhighsev.tif,1990,0.009,MINE_1990,29.55,13.05,68.9,59
nm3375510885119910614_HUDSON_1991_forestedhighsev.tif,1991,0.0173,HUDSON_1991,30.55,9.85,27.2,99
nm3319710854219920623_GOBBLER_1992_forestedhighsev.tif,1992,0.007,GOBBLER_1992,31.95,14.65,37,89
nm3330610838619920603_CREEL_1992_forestedhighsev.tif,1992,0.0238,CREEL_1992,25.55,10.15,37.6,72
nm3331710853619920624_CUB_1992_forestedhighsev.tif,1992,0.0228,CUB_1992,30.15,14.45,37.1,89
az3249511038219930615_MARKHAM_1993_forestedhighsev.tif,1993,0.0208,MARKHAM_1993,40.95,23.55,23.1,101
az3634411225219930923_NORTHWEST3_1993_forestedhighsev.tif,1993,0.012,NORTHWEST3_1993,26.35,7.45,33.6,66
az3647311209319930616_POINT_1993_forestedhighsev.tif,1993,0.0048,POINT_1993,28.45,11.55,36.8,89
nm3292510552519930418_BURGETT_1993_forestedhighsev.tif,1993,0.01,BURGETT_1993,23.55,5.75,33.9,90
nm3321410842619930514_BRUSH_1993_forestedhighsev.tif,1993,0.016,BRUSH_1993,24.05,10.85,59.3,64
nm3332110782119930528_BLACKHAWK_1993_forestedhighsev.tif,1993,0.0167,BLACKHAWK_1993,27.95,10.65,32.8,109
nm3337010852419930716_CLAYTON_1993_forestedhighsev.tif,1993,0.0099,CLAYTON_1993,28.35,13.05,42.8,63
nm3339710852719930524_IRON_1993_forestedhighsev.tif,1993,0.0274,IRON_1993,26.55,7.65,35.3,110
nm3340210819419930521_BELL_1993_forestedhighsev.tif,1993,0.0141,BELL_1993,27.05,10.85,34.4,84
nm3342410785719930520_WHISKEY_1993_forestedhighsev.tif,1993,0.0112,WHISKEY_1993,27.75,9.45,34.5,88
nm3360610778319930521_STONE_1993_forestedhighsev.tif,1993,0.0173,STONE_1993,27.05,11.05,36,87
nm3589710584019930615_FRIJOLES_1993_forestedhighsev.tif,1993,0.0109,FRIJOLES_1993,27.85,13.35,32.7,76
nm3594910579319930615_QUEMADO_1993_forestedhighsev.tif,1993,0.0129,QUEMADO_1993,26.75,11.55,38.1,70
az3139511026919940603_MILLER_1994_forestedhighsev.tif,1994,0.0099,MILLER_1994,33.05,16.55,32.1,92
az3185710927019940628_RATTLESNAKE_1994_forestedhighsev.tif,1994,0.0047,RATTLESNAKE_1994,30.75,11.85,37.6,84
az3218711052219940629_RINCON_1994_forestedhighsev.tif,1994,0.0042,RINCON_1994,34.95,19.75,37,85
az3287111018319940622_COTTONWOOD_1994_forestedhighsev.tif,1994,0.0051,COTTONWOOD_1994,36.85,21.05,39.7,82
az3358210907519940423_SCANYON_1994_forestedhighsev.tif,1994,0.0186,SCANYON_1994,23.95,6.05,54.3,100
az3359010952019940515_UNNAMED_1994_forestedhighsev.tif,1994,0.0277,UNNAMED_1994,26.85,7.05,46.9,70
az3377411100819940629_ARMOR_1994_forestedhighsev.tif,1994,0.0068,ARMOR_1994,36.35,20.35,27.4,89
az3488711391119940531_MCKENZIE_1994_forestedhighsev.tif,1994,0.0133,MCKENZIE_1994,32.95,16.45,22.1,114
az3494911187819940729_LOST_1994_forestedhighsev.tif,1994,0.0039,LOST_1994,32.75,15.65,40.7,55
az3497811293219940629_JUNIPER_1994_forestedhighsev.tif,1994,0.0068,JUNIPER_1994,37.15,20.35,23.5,97
az3599911386219940701_TOWERS1_1994_forestedhighsev.tif,1994,0.0084,TOWERS1_1994,37.45,23.05,20.1,111
nm3138610871919940612_LYNCH_1994_forestedhighsev.tif,1994,0.015,LYNCH_1994,39.35,20.05,37,113
nm3145510893219940630_CLOVERDALE_1994_forestedhighsev.tif,1994,0.015,CLOVERDALE_1994,35.75,19.05,36.2,100
nm3146710883319940611_FLATCOMPLEX_1994_forestedhighsev.tif,1994,0.0113,FLATCOMPLEX_1994,35.75,17.05,41.3,101
nm3147110902319940705_MAVERICK_1994_forestedhighsev.tif,1994,0.0128,MAVERICK_1994,35.35,17.05,37.6,93
nm3155510864119940625_TIMBER_1994_forestedhighsev.tif,1994,0.0124,TIMBER_1994,38.85,18.85,36.3,96
nm3155610869019940612_CENTER_1994_forestedhighsev.tif,1994,0.0159,CENTER_1994,37.55,18.45,38.4,98
nm3209410482419940628_GAP_1994_forestedhighsev.tif,1994,0.0073,GAP_1994,38.25,23.85,22.9,100
nm3269410572119940603_BRIDGE_1994_forestedhighsev.tif,1994,0.0025,BRIDGE_1994,28.95,11.95,41.3,87
nm3276910654119940720_UNNAMED_1994_forestedhighsev.tif,1994,0.0233,UNNAMED_1994,35.85,20.85,44.5,56
nm3293910820919940923_GLASS_1994_forestedhighsev.tif,1994,0.0061,GLASS_1994,26.25,10.85,31.6,55
nm3304410903519940525_MULE_1994_forestedhighsev.tif,1994,0.008,MULE_1994,32.65,15.35,35.1,84
nm3307310659819940720_UNNAMED_1994_forestedhighsev.tif,1994,0.0234,UNNAMED_1994,35.55,19.75,50,60
nm3309010785919940614_PIGEON_1994_forestedhighsev.tif,1994,0.0029,PIGEON_1994,31.95,15.55,39.7,87
nm3312610705819940720_UNNAMED_1994_forestedhighsev.tif,1994,0.0118,UNNAMED_1994,33.45,17.25,54.9,58
nm3320710540119940124_YELLOWWELL_1994_forestedhighsev.tif,1994,0.0119,YELLOWWELL_1994,18.35,-0.35,53.2,61
nm3358010526419940630_PONCHO_1994_forestedhighsev.tif,1994,0.0101,PONCHO_1994,32.45,13.05,27,81
nm3361610632819940821_UNNAMED_1994_forestedhighsev.tif,1994,0.0068,UNNAMED_1994,34.05,18.05,61.9,47
nm3367110746119940605_POT_1994_forestedhighsev.tif,1994,0.0067,POT_1994,27.25,11.15,54,75
nm3373110566319940629_PATOS_1994_forestedhighsev.tif,1994,0.0054,PATOS_1994,33.45,15.45,27.2,89
nm3376110616719940611_OSCURA_1994_forestedhighsev.tif,1994,0.0169,OSCURA_1994,39.45,18.15,31,97
nm3383810759919940407_PINNACLE_1994_forestedhighsev.tif,1994,0.0133,PINNACLE_1994,21.75,8.25,40.4,58
nm3385810609819940626_IRON_1994_forestedhighsev.tif,1994,0.0091,IRON_1994,39.95,21.45,22.5,89
nm3395110602319940630_LOVELACE_1994_forestedhighsev.tif,1994,0.0144,LOVELACE_1994,37.85,19.35,25,92
az3243711081519950715_SHOVEL_1995_forestedhighsev.tif,1995,0.0075,SHOVEL_1995,31.95,16.75,26,88
az3321310992919950708_BURDETTE_1995_forestedhighsev.tif,1995,0.0143,BURDETTE_1995,35.05,17.95,33.6,77
az3346310928719950627_RED_1995_forestedhighsev.tif,1995,0.0185,RED_1995,33.35,13.05,44.2,99
az3353210910619950717_RHETT_1995_forestedhighsev.tif,1995,0.0106,RHETT_1995,33.65,14.85,25.7,80
az3396211156519950707_BASIN_1995_forestedhighsev.tif,1995,0.0064,BASIN_1995,37.55,19.95,30.9,78
az3422411078819950925_UNNAMED_1995_forestedhighsev.tif,1995,0.0171,UNNAMED_1995,24.15,9.45,37.5,55
az3426911052219951015_RX_1995_forestedhighsev.tif,1995,0.0195,RX_1995,24.85,5.95,32.2,90
az3480011376019950613_STOVE_1995_forestedhighsev.tif,1995,0.0174,STOVE_1995,36.85,19.95,23.2,121
az3581011374919950707_LOST_1995_forestedhighsev.tif,1995,0.0074,LOST_1995,36.95,22.05,25.2,87
az3599011392219950630_TOWERSII_1995_forestedhighsev.tif,1995,0.0086,TOWERSII_1995,36.05,21.25,25.6,89
az3617311197619950729_MATTHES_1995_forestedhighsev.tif,1995,0.0102,MATTHES_1995,36.65,17.35,34.4,78
az3660911388419950630_TASTEFULL_1995_forestedhighsev.tif,1995,0.0305,TASTEFULL_1995,35.65,23.05,24.1,89
az3663611390719950730_JACOBSWELL_1995_forestedhighsev.tif,1995,0.0176,JACOBSWELL_1995,37.85,26.35,21.6,95
nm3295110826119950920_QBALL_1995_forestedhighsev.tif,1995,0.0091,QBALL_1995,23.35,9.35,33.6,58
nm3318410787619950627_BONNER_1995_forestedhighsev.tif,1995,0.008,BONNER_1995,27.95,12.55,33.5,91
nm3323510854019950721_SPRITE_1995_forestedhighsev.tif,1995,0.0064,SPRITE_1995,32.35,14.95,23,69
nm3336910824619950407_SOUTH_1995_forestedhighsev.tif,1995,0.0128,SOUTH_1995,19.55,4.35,40.2,85
nm3369410861319950727_HB_1995_forestedhighsev.tif,1995,0.0058,HB_1995,31.05,14.45,24.6,72
nm3372210743519950614_MILLIGAN_1995_forestedhighsev.tif,1995,0.0166,MILLIGAN_1995,29.25,11.85,39.2,90
nm3382410787719950730_UNNAMED_1995_forestedhighsev.tif,1995,0.0108,UNNAMED_1995,31.45,13.05,44.2,61
az3269010993019960424_CLARKPEAK_1996_forestedhighsev.tif,1996,0.0079,CLARKPEAK_1996,23.45,7.85,14,101
az3368911131719960427_LONE_1996_forestedhighsev.tif,1996,0.0054,LONE_1996,33.15,14.85,12.4,100
az3420811049919960424_WHITESPRG_1996_forestedhighsev.tif,1996,0.0095,WHITESPRG_1996,28.05,7.25,17.9,103
az3427211029519960623_COTTONWOOD_1996_forestedhighsev.tif,1996,0.0053,COTTONWOOD_1996,31.55,15.25,31.2,107
az3460711136919960621_POT_1996_forestedhighsev.tif,1996,0.0076,POT_1996,31.35,13.95,38,116
az3522510919219960607_ALLENTOWN5_1996_forestedhighsev.tif,1996,0.0261,ALLENTOWN5_1996,34.35,14.35,32.7,92
az3541611168519960620_HOCKDERFFER_1996_forestedhighsev.tif,1996,0.0038,HOCKDERFFER_1996,30.95,13.05,40.9,126
az3544711175219960518_HORSESHOE_1996_forestedhighsev.tif,1996,0.005,HORSESHOE_1996,25.35,5.95,41.5,118
az3607511363219960925_TWINII_1996_forestedhighsev.tif,1996,0.0134,TWINII_1996,29.65,11.95,27.2,74
az3653211363619960829_UNNAMED_1996_forestedhighsev.tif,1996,0.0164,UNNAMED_1996,33.65,19.75,42.6,89
az3653611241819960620_BRIDGERKNOLL_1996_forestedhighsev.tif,1996,0.0054,BRIDGERKNOLL_1996,33.05,16.15,33.9,99
az3658211363919960816_ONEWAYPASS_1996_forestedhighsev.tif,1996,0.0059,ONEWAYPASS_1996,33.95,20.45,41,81
az3663411251419960622_JUMP_1996_forestedhighsev.tif,1996,0.009,JUMP_1996,36.85,19.55,25,117
nm3307610556319960221_ELKSPRING_1996_forestedhighsev.tif,1996,0.0071,ELKSPRING_1996,19.05,2.25,33,97
nm3319210567219960420_CHINOWELL_1996_forestedhighsev.tif,1996,0.0149,CHINOWELL_1996,25.45,8.65,19.5,112
nm3323910860319960608_LOOKOUT_1996_forestedhighsev.tif,1996,0.0069,LOOKOUT_1996,31.45,14.95,30.5,92
nm3327610851819960609_LANGSTROTH_1996_forestedhighsev.tif,1996,0.0052,LANGSTROTH_1996,30.15,14.45,35.3,86
nm3392010536819960613_HASPEROS_1996_forestedhighsev.tif,1996,0.0172,HASPEROS_1996,36.05,16.55,29,66
nm3419810574419960312_PINATOSA_1996_forestedhighsev.tif,1996,0.0038,PINATOSA_1996,18.15,1.65,37,97
nm3576910637819960425_DOME_1996_forestedhighsev.tif,1996,0.0085,DOME_1996,26.15,8.95,23.9,101
nm3640310496719960506_UNNAMED_1996_forestedhighsev.tif,1996,0.0255,UNNAMED_1996,29.45,9.05,21.6,95
nm3664910559119960505_HONDO_1996_forestedhighsev.tif,1996,0.0087,HONDO_1996,27.25,7.15,27.9,120
nm3695410437619960427_SUGARITE_1996_forestedhighsev.tif,1996,0.0138,SUGARITE_1996,25.45,6.45,21,81
nm3699810700819960610_ARCHULETA_1996_forestedhighsev.tif,1996,0.0056,ARCHULETA_1996,30.85,11.15,28,75
az3307411041319970415_COPPERREEF_1997_forestedhighsev.tif,1997,0.0155,COPPERREEF_1997,27.75,11.55,30.5,87
az3339811005919970715_GREEN_1997_forestedhighsev.tif,1997,0.0103,GREEN_1997,36.25,19.55,34.2,81
nm3150410904019970703_MAVERICK_1997_forestedhighsev.tif,1997,0.0141,MAVERICK_1997,34.25,18.45,36.3,86
nm3221610454119970319_LECHUGILLA_1997_forestedhighsev.tif,1997,0.0266,LECHUGILLA_1997,28.35,10.95,25.6,95
nm3312210797419970421_ROCKY_1997_forestedhighsev.tif,1997,0.0048,ROCKY_1997,24.05,9.75,31.5,91
nm3325710780119970307_UNNAMED_1997_forestedhighsev.tif,1997,0.0072,UNNAMED_1997,21.95,5.45,35.1,61
nm3333210847419970427_LILLY_1997_forestedhighsev.tif,1997,0.0083,LILLY_1997,23.95,9.55,30.6,85
nm3346210765019970623_IRONMT_1997_forestedhighsev.tif,1997,0.0198,IRONMT_1997,33.05,13.75,36.6,67
nm3399010812119970421_HORSEMT_1997_forestedhighsev.tif,1997,0.0215,HORSEMT_1997,25.75,4.95,41,76
nm3578610631619970629_LUMMIS_1997_forestedhighsev.tif,1997,0.015,LUMMIS_1997,31.45,13.65,26.1,73
az3220011057719981008_CHIMENEA_1998_forestedhighsev.tif,1998,0.0191,CHIMENEA_1998,26.85,12.05,26.4,70
az3340211009819980518_XK_1998_forestedhighsev.tif,1998,0.0216,XK_1998,33.65,12.25,30.4,84
az3397110982919981008_MCKAYS_1998_forestedhighsev.tif,1998,0.0305,MCKAYS_1998,22.05,4.15,37.9,88
az3405710965319980804_SOLDIERBU_1998_forestedhighsev.tif,1998,0.0176,SOLDIERBU_1998,23.95,9.55,65.7,32
az3442911281119980727_UNNAMED_1998_forestedhighsev.tif,1998,0.0186,UNNAMED_1998,38.45,22.05,28.4,67
az3587711307919981021_C12_1998_forestedhighsev.tif,1998,0.0277,C12_1998,19.65,6.95,61.4,53
az3615011195019981013_WALHALLA2_1998_forestedhighsev.tif,1998,0.0099,WALHALLA2_1998,23.15,7.35,36.1,68
az3659411356119980709_SULLIVANTK_1998_forestedhighsev.tif,1998,0.0082,SULLIVANTK_1998,37.35,21.75,20.6,79
nm3251610508519980505_UNNAMED_1998_forestedhighsev.tif,1998,0.02,UNNAMED_1998,31.75,15.95,19.2,116
nm3345210762319980610_IRONMT2_1998_forestedhighsev.tif,1998,0.0069,IRONMT2_1998,32.75,13.45,29,97
nm3347910866619980928_BS_1998_forestedhighsev.tif,1998,0.0042,BS_1998,22.95,9.25,26.4,79
nm3387810848419981002_WAGONTONGUE_1998_forestedhighsev.tif,1998,0.0201,WAGONTONGUE_1998,23.55,7.75,26.5,74
nm3581710634319980616_UNIT29_1998_forestedhighsev.tif,1998,0.0218,UNIT29_1998,35.25,17.15,23.7,118
nm3602110631719980627_OSO_1998_forestedhighsev.tif,1998,0.0047,OSO_1998,34.05,16.25,22.4,79
nm3668210506219980510_BEARD_1998_forestedhighsev.tif,1998,0.0051,BEARD_1998,25.95,7.45,35.2,82
az3217611066119990618_BOXCANYON_1999_forestedhighsev.tif,1999,0.0349,BOXCANYON_1999,33.75,17.95,38.8,79
az3390811041019990327_FLYINGV_1999_forestedhighsev.tif,1999,0.023,FLYINGV_1999,22.55,3.05,32.2,109
az3422411066119991022_CHUCKBOX_1999_forestedhighsev.tif,1999,0.0209,CHUCKBOX_1999,22.15,6.15,20.2,74
az3426111039419991101_DEERSPRING_1999_forestedhighsev.tif,1999,0.0212,DEERSPRING_1999,22.15,4.35,22.8,78
az3429811032719990325_HOPCOT_1999_forestedhighsev.tif,1999,0.0072,HOPCOT_1999,22.65,2.05,34,125
az3471211113019990617_TURKEY_1999_forestedhighsev.tif,1999,0.0066,TURKEY_1999,31.95,14.15,40.7,89
az3502911387419990226_MOSSBASIN_1999_forestedhighsev.tif,1999,0.0193,MOSSBASIN_1999,20.25,4.55,24.2,95
az3608911361719990628_TWINCOMPL_1999_forestedhighsev.tif,1999,0.0132,TWINCOMPL_1999,34.25,17.65,34.2,106
az3614011366219990624_TINCANEBIT_1999_forestedhighsev.tif,1999,0.0109,TINCANEBIT_1999,34.15,18.35,28.5,107
az3622611211919991002_OUTLET_1999_forestedhighsev.tif,1999,0.0122,OUTLET_1999,30.45,10.75,33,83
az3628711315919990604_MTEMMA_1999_forestedhighsev.tif,1999,0.0134,MTEMMA_1999,31.55,15.35,30.2,78
az3662411371319990528_JUMPSPRING_1999_forestedhighsev.tif,1999,0.0111,JUMPSPRING_1999,29.95,16.15,22,98
nm3314910571319990513_TELEPHONE_1999_forestedhighsev.tif,1999,0.0088,TELEPHONE_1999,24.55,7.65,38.3,84
nm3529410764819990603_LAJARA_1999_forestedhighsev.tif,1999,0.0061,LAJARA_1999,26.65,9.25,32.7,108
nm3583210676519991013_STABLE_1999_forestedhighsev.tif,1999,0.0071,STABLE_1999,22.45,3.45,34.3,72
nm3593910451919990305_UNNAMED_1999_forestedhighsev.tif,1999,0.0207,UNNAMED_1999,21.65,1.35,38.4,71
nm3666210705819991012_UNNAMED_1999_forestedhighsev.tif,1999,0.0136,UNNAMED_1999,25.05,0.25,40.6,69
nm3675310705019991012_J5_1999_forestedhighsev.tif,1999,0.014,J5_1999,24.85,0.35,41.1,67
az3140311040420000523_UNNAMED_2000_forestedhighsev.tif,2000,0.0159,UNNAMED_2000,36.85,20.05,29.8,112
az3327811084420000730_PEAK_2000_forestedhighsev.tif,2000,0.0035,PEAK_2000,32.65,19.75,41.1,68
az3356110932120000908_ARROW_2000_forestedhighsev.tif,2000,0.0154,ARROW_2000,27.95,8.45,44.6,64
az3361310975420000429_UNNAMED_2000_forestedhighsev.tif,2000,0.0215,UNNAMED_2000,28.75,6.15,16,107
az3380611090120000426_COONCREEK_2000_forestedhighsev.tif,2000,0.0044,COONCREEK_2000,30.85,11.35,15.8,107
az3404811034520000722_RIDGE_2000_forestedhighsev.tif,2000,0.0044,RIDGE_2000,35.25,18.85,34,71
az3541411185420000525_PUMPKIN_2000_forestedhighsev.tif,2000,0.0028,PUMPKIN_2000,27.55,7.75,32.4,109
az3628811200020000510_OUTLET_2000_forestedhighsev.tif,2000,0.003,OUTLET_2000,30.05,12.05,21.2,130
az3640911368420000725_RATTLESNAKE_2000_forestedhighsev.tif,2000,0.0022,RATTLESNAKE_2000,34.65,21.55,19.1,108
az3696611276320000721_MOCCASIN_2000_forestedhighsev.tif,2000,0.003,MOCCASIN_2000,36.45,20.15,22.7,81
nm3222910476320000429_POLKTANK_2000_forestedhighsev.tif,2000,0.0108,POLKTANK_2000,31.95,16.75,16.4,134
nm3247610508220000527_UNNAMED_2000_forestedhighsev.tif,2000,0.013,UNNAMED_2000,31.65,14.65,32.1,85
nm3276410560520000511_SCOTTABLE_2000_forestedhighsev.tif,2000,0.0057,SCOTTABLE_2000,28.55,9.65,28.7,126
nm3315210833420000719_BLOODGOOD_2000_forestedhighsev.tif,2000,0.0053,BLOODGOOD_2000,32.35,15.75,45.4,52
nm3338410559720000507_CREE_2000_forestedhighsev.tif,2000,0.0094,CREE_2000,30.65,10.55,35.2,110
nm3339010794520000712_SIERRA_2000_forestedhighsev.tif,2000,0.0225,SIERRA_2000,29.95,15.05,53.9,42
nm3339010808620000730_WALL_2000_forestedhighsev.tif,2000,0.0336,WALL_2000,31.75,12.65,82.2,40
nm3345110797320000508_UNNAMED_2000_forestedhighsev.tif,2000,0.0199,UNNAMED_2000,29.75,7.95,26.8,104
nm3359010891620000614_SALIZ_2000_forestedhighsev.tif,2000,0.004,SALIZ_2000,33.05,12.65,41.4,96
nm3368610809320000605_CHANCE_2000_forestedhighsev.tif,2000,0.0138,CHANCE_2000,30.75,11.65,41.8,88
nm3546410386120000519_SINGLETON_2000_forestedhighsev.tif,2000,0.0197,SINGLETON_2000,38.35,18.85,32.8,79
nm3570310559420000529_VIVEASH_2000_forestedhighsev.tif,2000,0.0024,VIVEASH_2000,27.35,10.75,32.6,76
nm3590710632420000505_CERROGRANDE_2000_forestedhighsev.tif,2000,0.0023,CERROGRANDE_2000,27.55,10.95,28.3,122
nm3626910661020000805_PRIETA_2000_forestedhighsev.tif,2000,0.0127,PRIETA_2000,31.55,14.55,56.4,52
az3210211042720010509_NORTHSTAR_2001_forestedhighsev.tif,2001,0.0249,NORTHSTAR_2001,35.25,16.85,29.1,77
az3375610976320011011_TURKEYCRK_2001_forestedhighsev.tif,2001,0.0234,TURKEYCRK_2001,20.45,2.55,32.4,68
az3410611003320011022_CORDUROY_2001_forestedhighsev.tif,2001,0.0234,CORDUROY_2001,24.55,6.05,35.1,84
az3420411061920011012_CHUCKBOX_2001_forestedhighsev.tif,2001,0.0111,CHUCKBOX_2001,23.75,6.65,25.3,77
az3431311178520010702_PINE_2001_forestedhighsev.tif,2001,0.0027,PINE_2001,39.05,20.85,38,84
az3443411070120011024_UNNAMED_2001_forestedhighsev.tif,2001,0.0183,UNNAMED_2001,22.15,6.85,30.8,85
az3453011200320010625_UNNAMED_2001_forestedhighsev.tif,2001,0.0148,UNNAMED_2001,38.45,22.35,23,74
az3459411115720011024_UNNAMED_2001_forestedhighsev.tif,2001,0.024,UNNAMED_2001,22.15,4.65,39.7,77
az3462411119620011024_UNNAMED_2001_forestedhighsev.tif,2001,0.0247,UNNAMED_2001,22.15,4.55,38.6,80
az3621211197620010715_VISTA_2001_forestedhighsev.tif,2001,0.0103,VISTA_2001,33.05,14.55,38,75
az3624811222920010829_TOWERFIRE_2001_forestedhighsev.tif,2001,0.0096,TOWERFIRE_2001,27.95,10.05,31,60
az3633811232120010817_SWAMPRDG_2001_forestedhighsev.tif,2001,0.0163,SWAMPRDG_2001,29.75,11.55,55.1,48
nm3151210879620010504_ANIMAS_2001_forestedhighsev.tif,2001,0.0186,ANIMAS_2001,28.45,10.45,34.1,87
nm3258310650020010528_BENNETTMT_2001_forestedhighsev.tif,2001,0.0263,BENNETTMT_2001,34.15,17.55,19.5,97
nm3340910803820010617_WHITETAIL_2001_forestedhighsev.tif,2001,0.0255,WHITETAIL_2001,30.55,14.25,41.4,64
nm3345510802520010612_UNNAMED_2001_forestedhighsev.tif,2001,0.0177,UNNAMED_2001,30.45,10.05,34.9,92
nm3350110795720010612_UNNAMED_2001_forestedhighsev.tif,2001,0.0121,UNNAMED_2001,30.15,10.55,34.1,92
nm3353110783720010923_CEASE_2001_forestedhighsev.tif,2001,0.0255,CEASE_2001,24.35,10.65,27.2,47
nm3355910852220011026_UNNAMED_2001_forestedhighsev.tif,2001,0.0208,UNNAMED_2001,20.65,5.45,45,80
nm3420410576620010421_PINATOSA_2001_forestedhighsev.tif,2001,0.0023,PINATOSA_2001,23.75,4.65,42.6,91
nm3423610617320010715_UNNAMED_2001_forestedhighsev.tif,2001,0.0062,UNNAMED_2001,32.45,15.45,64.7,58
nm3618010708720010917_VALLES_2001_forestedhighsev.tif,2001,0.0076,VALLES_2001,28.25,8.25,43.3,60
nm3673910499820010510_HIGHLAND_2001_forestedhighsev.tif,2001,0.0192,HIGHLAND_2001,24.35,8.85,56.7,46
nm3694810496220010429_YORK_2001_forestedhighsev.tif,2001,0.0064,YORK_2001,20.75,4.35,50.1,57
az3134611106720020612_WALKER_2002_forestedhighsev.tif,2002,0.0156,WALKER_2002,40.15,20.55,21.4,108
az3140411031420020228_OVERSITE_2002_forestedhighsev.tif,2002,0.0095,OVERSITE_2002,19.65,3.35,11.5,100
az3157711050520020429_RYAN_2002_forestedhighsev.tif,2002,0.0185,RYAN_2002,33.65,10.55,11.8,107
az3242411066920020520_BULLOCK_2002_forestedhighsev.tif,2002,0.0097,BULLOCK_2002,34.15,18.05,15.3,105
az3257511075620020712_ORACLE HILL_2002_forestedhighsev.tif,2002,0.014,ORACLE HILL_2002,36.35,23.65,43.5,80
az3423311046320020618_RODEO_2002_forestedhighsev.tif,2002,0.0036,RODEO_2002,34.65,15.55,16.7,123
az3443611128620020901_UNNAMED_2002_forestedhighsev.tif,2002,0.0079,UNNAMED_2002,28.45,14.45,36.9,70
az3449811249420020515_INDIAN_2002_forestedhighsev.tif,2002,0.0044,INDIAN_2002,31.65,9.85,24.1,121
az3503211203920020821_TRICK_2002_forestedhighsev.tif,2002,0.0138,TRICK_2002,33.45,13.75,24.2,90
az3542111413120020220_VOCKCYN_2002_forestedhighsev.tif,2002,0.0115,VOCKCYN_2002,23.05,5.95,12.3,102
az3680910910920020628_CARRIZO1_2002_forestedhighsev.tif,2002,0.007,CARRIZO1_2002,32.75,14.55,29.6,83
nm3155810867420020627_WALNUT_2002_forestedhighsev.tif,2002,0.0215,WALNUT_2002,35.45,17.85,23.2,114
nm3217510475620020508_UNNAMED_2002_forestedhighsev.tif,2002,0.0165,UNNAMED_2002,29.25,15.35,12.2,124
nm3286810557020020508_PENASCO_2002_forestedhighsev.tif,2002,0.0046,PENASCO_2002,24.75,7.45,21.1,105
nm3329110544820020323_NUMBER52_2002_forestedhighsev.tif,2002,0.0134,NUMBER52_2002,23.05,6.15,30.4,99
nm3331710854920020630_CUB_2002_forestedhighsev.tif,2002,0.0037,CUB_2002,30.65,13.95,34.1,84
nm3345410840820020331_MIDDLE_2002_forestedhighsev.tif,2002,0.0088,MIDDLE_2002,23.35,3.95,33.5,83
nm3348410788220020812_CASTLE_2002_forestedhighsev.tif,2002,0.0169,CASTLE_2002,30.45,12.35,41.9,52
nm3533210450220020602_MEADOW_2002_forestedhighsev.tif,2002,0.0098,MEADOW_2002,35.75,17.15,29.9,87
nm3584910555020020615_TRAMPAS_2002_forestedhighsev.tif,2002,0.0035,TRAMPAS_2002,24.95,8.75,24,75
nm3587710671020020826_LAKES_2002_forestedhighsev.tif,2002,0.0031,LAKES_2002,28.05,10.45,33.3,59
nm3599010579320020522_BORREGO_2002_forestedhighsev.tif,2002,0.0059,BORREGO_2002,28.75,9.75,26.4,90
nm3610410503320020602_CERROPELON_2002_forestedhighsev.tif,2002,0.0079,CERROPELON_2002,27.45,8.95,23.1,86
nm3648110637020020611_MONTOYA_2002_forestedhighsev.tif,2002,0.0052,MONTOYA_2002,30.75,11.35,18.6,101
nm3668210504720020608_PONILCOMPLEX_2002_forestedhighsev.tif,2002,0.0036,PONILCOMPLEX_2002,30.95,10.35,25.1,77
nm3693410324320020601_KENTON_2002_forestedhighsev.tif,2002,0.0128,KENTON_2002,36.45,18.45,33.3,90
az3223511054320030617_HELENS2_2003_forestedhighsev.tif,2003,0.0039,HELENS2_2003,37.15,20.65,22,99
az3243311077720030617_ASPEN_2003_forestedhighsev.tif,2003,0.0053,ASPEN_2003,28.55,14.55,22.4,96
az3335310908520030705_MAPLE_2003_forestedhighsev.tif,2003,0.0108,MAPLE_2003,35.05,19.85,26.3,102
az3358010910320030727_UNNAMED_2003_forestedhighsev.tif,2003,0.01,UNNAMED_2003,31.15,15.25,61.8,36
az3361310928420030712_STEEPLE_2003_forestedhighsev.tif,2003,0.0031,STEEPLE_2003,30.75,13.75,39.2,76
az3365410922320030606_THOMAS_2003_forestedhighsev.tif,2003,0.0066,THOMAS_2003,27.75,8.05,32.6,110
az3389611003320030713_KINISHBA_2003_forestedhighsev.tif,2003,0.0026,KINISHBA_2003,36.75,17.55,30.2,76
az3397311111720030617_PICTURE_2003_forestedhighsev.tif,2003,0.0037,PICTURE_2003,35.55,16.65,17.8,113
az3457511209320030623_UNNAMED_2003_forestedhighsev.tif,2003,0.013,UNNAMED_2003,36.75,19.25,14.7,112
az3510211132820030606_MORMON_2003_forestedhighsev.tif,2003,0.0032,MORMON_2003,31.75,10.65,27.4,122
az3515111135220030607_LIZARD_2003_forestedhighsev.tif,2003,0.0123,LIZARD_2003,32.15,11.75,26.6,124
az3630711238320030615_POWELL_2003_forestedhighsev.tif,2003,0.0149,POWELL_2003,36.05,14.55,24.8,100
az3631111220120030930_POPLAR_2003_forestedhighsev.tif,2003,0.0031,POPLAR_2003,23.75,7.75,24.3,60
nm3140310896920030821_UNNAMED_2003_forestedhighsev.tif,2003,0.0204,UNNAMED_2003,32.85,17.55,49.1,51
nm3299610542820030509_WALKER_2003_forestedhighsev.tif,2003,0.0042,WALKER_2003,29.25,10.85,21,124
nm3305210803320030704_UNNAMED_2003_forestedhighsev.tif,2003,0.0183,UNNAMED_2003,33.35,19.35,28.4,90
nm3312510781920030620_SECO_2003_forestedhighsev.tif,2003,0.0037,SECO_2003,31.35,15.25,24.9,107
nm3320710783520030618_UNNAMED_2003_forestedhighsev.tif,2003,0.0107,UNNAMED_2003,30.95,15.05,28,99
nm3322510843320030531_DRYLAKECOMPLEX_2003_forestedhighsev.tif,2003,0.0063,DRYLAKECOMPLEX_2003,32.05,14.05,32,94
nm3330310875120030711_SPRUCE_2003_forestedhighsev.tif,2003,0.0092,SPRUCE_2003,31.55,18.95,27.6,82
nm3332710879620030714_NABOURS_2003_forestedhighsev.tif,2003,0.0166,NABOURS_2003,33.35,19.05,29.3,83
nm3338210781720030704_UNNAMED_2003_forestedhighsev.tif,2003,0.0063,UNNAMED_2003,32.55,18.25,28.6,79
nm3339010873920030713_SILVER_2003_forestedhighsev.tif,2003,0.0064,SILVER_2003,33.85,19.05,29.3,83
nm3341610797320030428_BOILER_2003_forestedhighsev.tif,2003,0.014,BOILER_2003,25.75,5.15,20.3,98
nm3343610832420030704_UNNAMED_2003_forestedhighsev.tif,2003,0.0123,UNNAMED_2003,32.25,16.55,33,83
nm3383210842120030712_DIVIDE_2003_forestedhighsev.tif,2003,0.0138,DIVIDE_2003,34.25,14.75,38.2,81
nm3587110583120030623_CAPULIN_2003_forestedhighsev.tif,2003,0.0034,CAPULIN_2003,29.75,13.15,33.4,85
nm3642410549020030704_ENCEBADO_2003_forestedhighsev.tif,2003,0.0031,ENCEBADO_2003,32.65,13.15,29.6,71
az3271210988120040626_NUTALLCOMPLEX_2004_forestedhighsev.tif,2004,0.0046,NUTALLCOMPLEX_2004,29.35,15.85,23.8,100
az3323010937420040520_PIGEON_2004_forestedhighsev.tif,2004,0.0156,PIGEON_2004,33.85,13.65,19.7,103
az3342010937820040517_ROSE_2004_forestedhighsev.tif,2004,0.0122,ROSE_2004,24.95,9.05,26.1,111
az3357010928920040517_KP_2004_forestedhighsev.tif,2004,0.0084,KP_2004,23.05,6.55,29.5,111
az3387810932020040608_THREEFORKS_2004_forestedhighsev.tif,2004,0.0077,THREEFORKS_2004,25.95,4.65,24.8,114
az3400111194120040814_NEW_2004_forestedhighsev.tif,2004,0.0127,NEW_2004,34.35,19.95,51.8,81
az3410911149820040624_WILLOW_2004_forestedhighsev.tif,2004,0.004,WILLOW_2004,31.55,14.15,20.5,105
az3442411137120040329_WEBBER_2004_forestedhighsev.tif,2004,0.0085,WEBBER_2004,22.95,5.15,23,77
az3507111133920040622_JACKET_2004_forestedhighsev.tif,2004,0.0029,JACKET_2004,32.05,13.65,24.8,106
az3508011225520040822_WILDSTEERWFU_2004_forestedhighsev.tif,2004,0.013,WILDSTEERWFU_2004,32.85,14.65,33.6,68
az3591811192320040808_CAMP36WFU_2004_forestedhighsev.tif,2004,0.0147,CAMP36WFU_2004,32.75,13.65,41.1,59
az3603811210020040505_LONGJIM_2004_forestedhighsev.tif,2004,0.0095,LONGJIM_2004,27.05,7.15,31,129
az3618011199320040915_WALHALLA_2004_forestedhighsev.tif,2004,0.0082,WALHALLA_2004,24.35,8.05,36.3,72
az3622611207920040823_OUTLETRX_2004_forestedhighsev.tif,2004,0.0062,OUTLETRX_2004,26.35,10.55,35.6,77
az3624111202220041006_MARBLEJIMCOMPLEX_2004_forestedhighsev.tif,2004,0.0062,MARBLEJIMCOMPLEX_2004,20.05,6.05,34.4,85
nm3281310864620040620_UNNAMED_2004_forestedhighsev.tif,2004,0.0196,UNNAMED_2004,32.95,13.95,14.9,101
nm3311510831520040625_GRANNYWFU_2004_forestedhighsev.tif,2004,0.0058,GRANNYWFU_2004,31.95,14.85,15.3,102
nm3316010826120040625_RINCONWFU_2004_forestedhighsev.tif,2004,0.0088,RINCONWFU_2004,30.35,14.55,14.8,102
nm3361010535120040515_PEPPIN_2004_forestedhighsev.tif,2004,0.0075,PEPPIN_2004,30.35,11.85,26.5,101
nm3425810579820040521_LOOKOUT_2004_forestedhighsev.tif,2004,0.0048,LOOKOUT_2004,28.55,10.85,23.5,105
nm3519110809020040612_SEDGWICK_2004_forestedhighsev.tif,2004,0.0043,SEDGWICK_2004,30.45,9.75,27.3,102
az3172411083220050707_FLORIDA_2005_forestedhighsev.tif,2005,0.0056,FLORIDA_2005,34.45,21.15,19.4,78
az3191610932620050717_BARFOOT_2005_forestedhighsev.tif,2005,0.0091,BARFOOT_2005,31.55,14.65,41.9,88
az3307510971120050614_PIMAGAP_2005_forestedhighsev.tif,2005,0.021,PIMAGAP_2005,36.75,22.05,22.4,84
az3334311108520050717_PEACHVILLE_2005_forestedhighsev.tif,2005,0.0072,PEACHVILLE_2005,39.35,25.55,31,86
az3345111107320050717_MILESWFU_2005_forestedhighsev.tif,2005,0.0092,MILESWFU_2005,40.85,25.25,31.2,94
az3349911024320050821_ROCKYTANK_2005_forestedhighsev.tif,2005,0.0146,ROCKYTANK_2005,35.85,20.05,49.7,57
az3379211140020050716_EDGECOMPLEX_2005_forestedhighsev.tif,2005,0.0038,EDGECOMPLEX_2005,39.35,22.45,32.5,84
az3393311135020050716_OAK_2005_forestedhighsev.tif,2005,0.0118,OAK_2005,43.35,24.45,35.8,83
az3417211212120050620_SUNSETPOINT_2005_forestedhighsev.tif,2005,0.0215,SUNSETPOINT_2005,40.15,24.85,14.8,98
az3424311187720050621_CAVECREEKCOMPLEX_2005_forestedhighsev.tif,2005,0.0117,CAVECREEKCOMPLEX_2005,37.45,21.45,14.9,100
az3464111299420050717_SHRANCHCOMPLEX_2005_forestedhighsev.tif,2005,0.0089,SHRANCHCOMPLEX_2005,39.05,21.55,19.9,88
az3561610920720051017_OAKRIDGE_2005_forestedhighsev.tif,2005,0.0211,OAKRIDGE_2005,20.05,2.15,75.9,45
az3572410919820050712_KINLICHEE_2005_forestedhighsev.tif,2005,0.026,KINLICHEE_2005,32.35,14.25,22.2,84
az3577611358920050623_HINDU_2005_forestedhighsev.tif,2005,0.0261,HINDU_2005,38.15,22.15,11.1,111
az3583311375120050719_CLAYTANK_2005_forestedhighsev.tif,2005,0.0127,CLAYTANK_2005,39.45,21.25,32.8,93
az3584711192920050623_MUDERSBACHWFU_2005_forestedhighsev.tif,2005,0.0058,MUDERSBACHWFU_2005,30.95,12.55,28.1,99
az3590411195920050626_NORTHSKINNERWFU_2005_forestedhighsev.tif,2005,0.0239,NORTHSKINNERWFU_2005,29.95,9.15,28.4,95
az3590911384720050720_JEFF_2005_forestedhighsev.tif,2005,0.009,JEFF_2005,36.95,21.55,38.5,68
az3602211207920051002_LONGJIM1RX_2005_forestedhighsev.tif,2005,0.021,LONGJIM1RX_2005,23.95,8.95,46,88
az3603211215420050524_TOPEKARX_2005_forestedhighsev.tif,2005,0.0233,TOPEKARX_2005,29.55,9.45,38.9,92
az3614711195120051001_WALHALLACAPEROYALRX_2005_forestedhighsev.tif,2005,0.0161,WALHALLACAPEROYALRX_2005,24.05,8.05,45.1,86
az3621111211120050626_DRAGONCOMPLEXWFU_2005_forestedhighsev.tif,2005,0.0113,DRAGONCOMPLEXWFU_2005,27.95,8.25,26.1,82
az3624111311920050611_TUWEEPWFU_2005_forestedhighsev.tif,2005,0.0179,TUWEEPWFU_2005,35.65,20.65,22.4,100
az3632311378720050719_TANKCOMPLEX_2005_forestedhighsev.tif,2005,0.009,TANKCOMPLEX_2005,39.95,23.75,18.5,101
az3647611372120050623_LASTCHANCE_2005_forestedhighsev.tif,2005,0.0075,LASTCHANCE_2005,32.15,21.45,10.1,101
az3658411371220050630_TWEEDYPOINT_2005_forestedhighsev.tif,2005,0.0094,TWEEDYPOINT_2005,37.25,23.05,8.5,101
az3659011384920050721_COW_2005_forestedhighsev.tif,2005,0.0104,COW_2005,36.85,24.55,25.6,70
az3670211395220050624_MTBANGSCOMPLEX_2005_forestedhighsev.tif,2005,0.0106,MTBANGSCOMPLEX_2005,36.15,21.95,9.9,95
az3674211345720050720_TWIST_2005_forestedhighsev.tif,2005,0.0165,TWIST_2005,38.95,24.05,29.7,62
az3695411214620050630_BUZZARD_2005_forestedhighsev.tif,2005,0.0028,BUZZARD_2005,36.95,18.45,20.5,87
nm3341310817620050528_BLACKRANGECOMPLEXWFU_2005_forestedhighsev.tif,2005,0.0075,BLACKRANGECOMPLEXWFU_2005,25.75,9.35,34.5,94
nm3364710851120050529_FORKWFU_2005_forestedhighsev.tif,2005,0.0139,FORKWFU_2005,26.45,4.25,46.3,90
nm3365310869120050820_MOUNTAIN_2005_forestedhighsev.tif,2005,0.0202,MOUNTAIN_2005,30.15,12.65,46.5,49
nm3402310883520050612_JOHNSONWFU_2005_forestedhighsev.tif,2005,0.0112,JOHNSONWFU_2005,30.15,10.55,28.7,79
nm3564010468820051201_MAES_2005_forestedhighsev.tif,2005,0.0192,MAES_2005,16.05,-0.85,38.5,81
nm3597510883220051022_LITTLEWATER1_2005_forestedhighsev.tif,2005,0.0208,LITTLEWATER1_2005,17.85,-0.55,42,58
nm3617710895220050828_HOOKLAKE_2005_forestedhighsev.tif,2005,0.0193,HOOKLAKE_2005,23.65,10.65,35.2,54
nm3635610626420050917_PINECANYON_2005_forestedhighsev.tif,2005,0.0039,PINECANYON_2005,25.55,13.05,29.9,69
az3182410934020060113_JOHNSONPEAK_2006_forestedhighsev.tif,2006,0.0128,JOHNSONPEAK_2006,13.85,-1.85,19.1,117
az3368810924320060615_BEAVERHEAD_2006_forestedhighsev.tif,2006,0.0093,BEAVERHEAD_2006,27.55,9.05,28.5,120
az3394311122720060629_HACKBERRY_2006_forestedhighsev.tif,2006,0.0149,HACKBERRY_2006,34.05,18.55,38.6,69
az3409711234020060629_ROCKHILL_2006_forestedhighsev.tif,2006,0.0138,ROCKHILL_2006,36.95,22.25,37.9,72
az3440311133420060205_FEBRUARY_2006_forestedhighsev.tif,2006,0.0108,FEBRUARY_2006,18.05,1.25,16.8,156
az3454711071420060608_UNNAMED_2006_forestedhighsev.tif,2006,0.0044,UNNAMED_2006,31.15,11.75,17,110
az3458811086720060422_SAND_2006_forestedhighsev.tif,2006,0.0111,SAND_2006,23.95,6.65,31,85
az3458811086720060522_ENCINO_2006_forestedhighsev.tif,2006,0.0111,ENCINO_2006,31.85,13.05,14.1,116
az3492011175820060618_BRINSFIRE_2006_forestedhighsev.tif,2006,0.0129,BRINSFIRE_2006,36.25,18.55,11.3,102
az3570510940520060606_KINLICHEE2_2006_forestedhighsev.tif,2006,0.0049,KINLICHEE2_2006,33.55,14.95,28.6,114
az3592111197820060608_WESTWFU_2006_forestedhighsev.tif,2006,0.0217,WESTWFU_2006,31.65,11.35,18.1,124
az3640511377720060701_BIRTHDAY_2006_forestedhighsev.tif,2006,0.0137,BIRTHDAY_2006,37.55,22.85,19.8,96
az3662511217320060608_WARM_2006_forestedhighsev.tif,2006,0.0026,WARM_2006,28.65,13.35,11.5,110
az3667211403020060719_KILNCOMPLEX_2006_forestedhighsev.tif,2006,0.0188,KILNCOMPLEX_2006,35.55,24.75,33,70
az3669611390020060901_CULL_2006_forestedhighsev.tif,2006,0.0154,CULL_2006,32.35,20.55,28.9,102
az3673411381920060724_UNNAMED_2006_forestedhighsev.tif,2006,0.0155,UNNAMED_2006,35.15,22.95,28.6,66
nm3146110873120060621_EICKSDRAW_2006_forestedhighsev.tif,2006,0.0251,EICKSDRAW_2006,33.65,19.75,34.3,89
nm3161010876620060518_ADOBE_2006_forestedhighsev.tif,2006,0.0069,ADOBE_2006,29.45,10.85,22.1,132
nm3299510817920060602_SKATES_2006_forestedhighsev.tif,2006,0.0071,SKATES_2006,31.55,18.35,16.8,136
nm3322510529920060404_REDLAKE_2006_forestedhighsev.tif,2006,0.0215,REDLAKE_2006,28.15,9.55,29.9,102
nm3332010892920060606_BRUSHY_2006_forestedhighsev.tif,2006,0.0154,BRUSHY_2006,33.85,16.85,19.6,132
nm3342710857420060619_BEAR_2006_forestedhighsev.tif,2006,0.0053,BEAR_2006,26.65,11.15,23,92
nm3346710798220060501_UNNAMED_2006_forestedhighsev.tif,2006,0.0287,UNNAMED_2006,28.25,5.05,38.7,78
nm3363410885120060606_MARTINEZ_2006_forestedhighsev.tif,2006,0.009,MARTINEZ_2006,34.45,11.85,26.7,131
nm3385210873820060617_UNNAMED_2006_forestedhighsev.tif,2006,0.0092,UNNAMED_2006,31.25,13.35,22,84
nm3610510513020060412_OJOFELIZ_2006_forestedhighsev.tif,2006,0.0096,OJOFELIZ_2006,23.35,5.45,19.6,96
nm3621110689420060624_BEARPAW_2006_forestedhighsev.tif,2006,0.006,BEARPAW_2006,29.05,11.75,43.5,62
nm3626710493820060616_RIVERAMESA_2006_forestedhighsev.tif,2006,0.0095,RIVERAMESA_2006,33.35,12.85,29.4,92
nm3640710489520060301_CASA_2006_forestedhighsev.tif,2006,0.026,CASA_2006,21.85,2.75,19.5,93
az3136511064720070514_SANANTONIO_2007_forestedhighsev.tif,2007,0.0124,SANANTONIO_2007,31.65,12.85,29.3,113
az3189611160020070707_ALAMBRE_2007_forestedhighsev.tif,2007,0.0083,ALAMBRE_2007,35.35,23.65,31.5,75
az3337010926020070702_SQUAW_2007_forestedhighsev.tif,2007,0.0164,SQUAW_2007,34.55,18.55,16,108
az3355910935720070630_CHITTY_2007_forestedhighsev.tif,2007,0.0076,CHITTY_2007,29.15,12.35,15.2,97
az3435111101420070513_PROMONTORY_2007_forestedhighsev.tif,2007,0.0096,PROMONTORY_2007,29.15,10.85,27.6,101
az3454811103920070912_WILKINS_2007_forestedhighsev.tif,2007,0.0163,WILKINS_2007,25.85,11.45,41.7,64
az3489211154620070706_BIRDIE_2007_forestedhighsev.tif,2007,0.0074,BIRDIE_2007,29.25,13.55,33.8,72
az3553310941120070703_OAKRIDGE3_2007_forestedhighsev.tif,2007,0.0019,OAKRIDGE3_2007,32.95,15.35,13.5,85
az3600511208220070824_GRANDVIEW_2007_forestedhighsev.tif,2007,0.0336,GRANDVIEW_2007,30.65,15.25,51.9,56
az3618111195420070719_ROOSEVELTWFU_2007_forestedhighsev.tif,2007,0.0056,ROOSEVELTWFU_2007,33.55,17.15,36,72
az3623511201120071019_UNCLEJIMRX_2007_forestedhighsev.tif,2007,0.0128,UNCLEJIMRX_2007,19.45,3.65,35,89
az3634511226920071019_NORTHWESTRX_2007_forestedhighsev.tif,2007,0.0236,NORTHWESTRX_2007,21.95,5.25,34.7,84
az3663911248120070705_SLIDE_2007_forestedhighsev.tif,2007,0.008,SLIDE_2007,37.95,19.95,10.1,99
az3679411373720070705_BLACKROCKGULCH_2007_forestedhighsev.tif,2007,0.0083,BLACKROCKGULCH_2007,35.95,23.85,7.4,95
az3691611372820070718_RADIO_2007_forestedhighsev.tif,2007,0.0134,RADIO_2007,32.45,22.45,17.5,97
nm3309410769720070617_GRANITEWFU_2007_forestedhighsev.tif,2007,0.0282,GRANITEWFU_2007,33.35,16.35,18.5,89
nm3312210805620070603_LOCOWFU_2007_forestedhighsev.tif,2007,0.0097,LOCOWFU_2007,30.55,16.45,25.7,141
nm3329410834620070622_WOODLAND_2007_forestedhighsev.tif,2007,0.0098,WOODLAND_2007,33.45,16.25,19.2,90
nm3355710845420070622_HLWFU_2007_forestedhighsev.tif,2007,0.0063,HLWFU_2007,30.15,14.75,21.3,90
nm3384910845120070912_PATTERSON_2007_forestedhighsev.tif,2007,0.0207,PATTERSON_2007,25.55,10.35,44.2,43
nm3459310641120071118_OJOPEAK_2007_forestedhighsev.tif,2007,0.0036,OJOPEAK_2007,14.15,2.85,31.2,66
nm3630710401420070216_FARLEY_2007_forestedhighsev.tif,2007,0.0197,FARLEY_2007,17.55,-0.05,47.2,60
az3157211114320080623_WHITETANK_2008_forestedhighsev.tif,2008,0.0228,WHITETANK_2008,37.85,23.35,31.4,97
az3174410915220080623_JACKWOODWFU_2008_forestedhighsev.tif,2008,0.0165,JACKWOODWFU_2008,34.25,17.45,31.6,85
az3207011051220080621_DISTILLERY_2008_forestedhighsev.tif,2008,0.014,DISTILLERY_2008,37.65,22.45,17,87
az3274610982720080520_FRYEMESA_2008_forestedhighsev.tif,2008,0.0213,FRYEMESA_2008,34.15,18.65,14.7,148
az3346810936720080622_HOTAIR_2008_forestedhighsev.tif,2008,0.0125,HOTAIR_2008,28.75,17.75,27.9,89
az3351410936120080422_EAGLE_2008_forestedhighsev.tif,2008,0.0176,EAGLE_2008,22.55,5.35,12.2,144
az3418511231120080628_LANE2_2008_forestedhighsev.tif,2008,0.0038,LANE2_2008,35.55,20.45,25,80
az3542411201620080805_MARTEENWFU_2008_forestedhighsev.tif,2008,0.0085,MARTEENWFU_2008,29.15,13.55,56.2,41
az3587211195920080506_TWENTYTWOWFU_2008_forestedhighsev.tif,2008,0.0065,TWENTYTWOWFU_2008,30.05,8.75,34.1,109
az3594611209020080429_XFIRE_2008_forestedhighsev.tif,2008,0.0058,XFIRE_2008,23.65,6.25,19.1,158
nm3231910658620080614_DRIPPINGSPRINGS_2008_forestedhighsev.tif,2008,0.0247,DRIPPINGSPRINGS_2008,34.25,19.95,12.3,91
nm3244310489320080618_ROCKY_2008_forestedhighsev.tif,2008,0.0107,ROCKY_2008,35.65,17.65,29.3,93
nm3314010570120080501_SOUTHTULAROSA_2008_forestedhighsev.tif,2008,0.0108,SOUTHTULAROSA_2008,22.45,6.35,19.2,160
nm3323010550020080604_ROGERSPASTURE_2008_forestedhighsev.tif,2008,0.0171,ROGERSPASTURE_2008,31.75,15.55,17.5,122
nm3444210707520080530_LADRONERX_2008_forestedhighsev.tif,2008,0.0137,LADRONERX_2008,31.05,13.35,16.4,115
nm3459410641220080201_UNNAMED_2008_forestedhighsev.tif,2008,0.009,UNNAMED_2008,9.25,-3.35,51.5,53
nm3468610638420080415_TRIGO_2008_forestedhighsev.tif,2008,0.0049,TRIGO_2008,23.45,2.85,17.4,95
nm3476310635520080623_BIGSPRING_2008_forestedhighsev.tif,2008,0.005,BIGSPRING_2008,29.95,14.35,33,78
nm3494710535420080624_UNNAMED_2008_forestedhighsev.tif,2008,0.0109,UNNAMED_2008,33.05,15.25,32.4,80
nm3686510484320080619_WESTFORK_2008_forestedhighsev.tif,2008,0.0056,WESTFORK_2008,28.75,10.45,44.2,59
az3153610909020090301_HOG_2009_forestedhighsev.tif,2009,0.0201,HOG_2009,26.35,6.15,16.9,87
az3176611155820090611_ELKHORN_2009_forestedhighsev.tif,2009,0.0143,ELKHORN_2009,33.65,20.15,35.2,84
az3234511064520090711_GUTHRIE_2009_forestedhighsev.tif,2009,0.0099,GUTHRIE_2009,35.35,21.45,46.5,61
az3240311027720090505_MULESHOE_2009_forestedhighsev.tif,2009,0.015,MULESHOE_2009,30.95,18.35,28.1,89
az3329111078320090530_PIONEER_2009_forestedhighsev.tif,2009,0.0149,PIONEER_2009,33.35,16.85,15.1,99
az3355811022720090714_BEARCANYON_2009_forestedhighsev.tif,2009,0.0081,BEARCANYON_2009,36.35,21.35,40.9,70
az3363010947320090907_RENO_2009_forestedhighsev.tif,2009,0.0129,RENO_2009,23.65,8.65,71.8,45
az3391411140820091008_MOUNTORD_2009_forestedhighsev.tif,2009,0.0127,MOUNTORD_2009,29.95,14.05,28.1,77
az3396711091020090705_BOARD_2009_forestedhighsev.tif,2009,0.0167,BOARD_2009,35.55,19.35,30.4,69
az3443311124220090720_RIM_2009_forestedhighsev.tif,2009,0.0119,RIM_2009,34.35,17.05,39.6,71
az3444811094120090807_CHEVLONCOMPLEXCROSSING_2009_forestedhighsev.tif,2009,0.0078,CHEVLONCOMPLEXCROSSING_2009,29.05,15.55,24.2,86
az3449511134920090705_INDEPENDENCE_2009_forestedhighsev.tif,2009,0.0146,INDEPENDENCE_2009,31.85,16.15,32.4,76
az3450711077720090806_CHEVLONCOMPLEXWEIMER_2009_forestedhighsev.tif,2009,0.0035,CHEVLONCOMPLEXWEIMER_2009,30.35,14.95,40.6,72
az3450911122620090704_FOURTHOFJULYCOMPLEX_2009_forestedhighsev.tif,2009,0.0161,FOURTHOFJULYCOMPLEX_2009,31.65,16.35,30.6,73
az3468611146220090720_BRADY_2009_forestedhighsev.tif,2009,0.0338,BRADY_2009,30.05,13.75,48.8,63
az3483711146220090723_RAPTOR_2009_forestedhighsev.tif,2009,0.0277,RAPTOR_2009,30.05,13.65,39.4,76
az3489211154720090601_REAL_2009_forestedhighsev.tif,2009,0.0101,REAL_2009,23.55,8.35,24.1,98
az3501611190220090816_TAYLOR_2009_forestedhighsev.tif,2009,0.0027,TAYLOR_2009,32.85,15.35,31.3,82
az3506011210720090701_CROSS_2009_forestedhighsev.tif,2009,0.0233,CROSS_2009,31.45,14.35,28.3,77
az3521611224320091002_TWIN_2009_forestedhighsev.tif,2009,0.0055,TWIN_2009,24.35,7.45,18.2,84
az3547411189620090720_WILDHORSECOMPLEX_2009_forestedhighsev.tif,2009,0.0116,WILDHORSECOMPLEX_2009,30.65,13.55,47.7,63
az3584010921420090622_SAWMILLROADRX_2009_forestedhighsev.tif,2009,0.0441,SAWMILLROADRX_2009,28.55,12.95,31.6,72
az3586611185920090728_ANDERSON_2009_forestedhighsev.tif,2009,0.0081,ANDERSON_2009,30.95,13.95,24.4,93
az3589511204420090723_MILLER_2009_forestedhighsev.tif,2009,0.0124,MILLER_2009,31.75,15.45,42.2,73
az3593111209020090723_RAE_2009_forestedhighsev.tif,2009,0.0139,RAE_2009,32.55,16.35,39.5,90
az3594711200820090526_RUBYCOMPLEX_2009_forestedhighsev.tif,2009,0.0126,RUBYCOMPLEX_2009,26.05,10.05,24.8,110
az3620911198220090729_ASPEN_2009_forestedhighsev.tif,2009,0.0062,ASPEN_2009,31.15,14.55,24.1,96
nm3138510881120090610_PASCO_2009_forestedhighsev.tif,2009,0.0106,PASCO_2009,32.15,15.75,36.5,112
nm3158910901520090530_SKELETON_2009_forestedhighsev.tif,2009,0.0092,SKELETON_2009,33.15,16.85,13,106
nm3160110895620090504_IRISHMAN_2009_forestedhighsev.tif,2009,0.0092,IRISHMAN_2009,31.45,11.75,26.6,98
nm3270310503120090423_FOURMILE_2009_forestedhighsev.tif,2009,0.0239,FOURMILE_2009,32.65,13.75,14.4,125
nm3294710505220090304_PICACHO_2009_forestedhighsev.tif,2009,0.0267,PICACHO_2009,25.45,7.55,15.6,103
nm3295410721920090501_TIMBERMOUNTAINLC_2009_forestedhighsev.tif,2009,0.0138,TIMBERMOUNTAINLC_2009,30.85,16.15,11.2,105
nm3315110800320090601_MEASON_2009_forestedhighsev.tif,2009,0.0113,MEASON_2009,26.05,14.05,19.9,108
nm3321010805920090711_MOORE_2009_forestedhighsev.tif,2009,0.028,MOORE_2009,30.85,17.65,41.2,60
nm3325910796720090528_DIAMOND_2009_forestedhighsev.tif,2009,0.01,DIAMOND_2009,25.65,13.85,18.6,104
nm3340210515120090615_FRESQUEZ2_2009_forestedhighsev.tif,2009,0.0143,FRESQUEZ2_2009,32.45,16.85,23.6,84
nm3374210844120090719_MORAGA_2009_forestedhighsev.tif,2009,0.0111,MORAGA_2009,27.45,15.15,44.2,45
nm3377010850120090530_WILLOW_2009_forestedhighsev.tif,2009,0.0058,WILLOW_2009,25.35,9.95,21.6,105
nm3382110546320090515_VISTA_2009_forestedhighsev.tif,2009,0.0243,VISTA_2009,29.25,10.55,40.2,101
nm3385610624320090608_UPPERTAYLORRX_2009_forestedhighsev.tif,2009,0.009,UPPERTAYLORRX_2009,30.85,14.65,24.7,84
nm3387010614120090606_MESA_2009_forestedhighsev.tif,2009,0.0152,MESA_2009,30.05,16.05,23.4,110
nm3396910709620090420_EASTMAGDALENARX_2009_forestedhighsev.tif,2009,0.011,EASTMAGDALENARX_2009,25.75,9.85,11.2,112
nm3574610634920090702_SANMIGUEL_2009_forestedhighsev.tif,2009,0.0096,SANMIGUEL_2009,33.15,18.45,30.9,58
az3177410936420100624_BRUSHY_2010_forestedhighsev.tif,2010,0.0173,BRUSHY_2010,27.15,12.05,26.8,93
az3183610919520100526_HORSESHOE_2010_forestedhighsev.tif,2010,0.0208,HORSESHOE_2010,32.75,12.85,25.4,100
az3362810924420100607_PARADISE_2010_forestedhighsev.tif,2010,0.0057,PARADISE_2010,26.55,10.25,30,115
az3451611125220100821_RANGERCOMPLEXBRAVO_2010_forestedhighsev.tif,2010,0.0277,RANGERCOMPLEXBRAVO_2010,28.45,13.25,40.1,59
az3455611124520100717_RANGERCOMPLEX_2010_forestedhighsev.tif,2010,0.013,RANGERCOMPLEX_2010,30.15,17.55,52.6,68
az3532911160120100620_SCHULTZ_2010_forestedhighsev.tif,2010,0.0019,SCHULTZ_2010,27.85,11.95,21.6,111
az3536511197420100616_EAGLEROCK_2010_forestedhighsev.tif,2010,0.0041,EAGLEROCK_2010,29.35,10.65,25.6,111
az3549811200420100830_HOBBLE_2010_forestedhighsev.tif,2010,0.0081,HOBBLE_2010,29.95,13.15,35.7,91
az3633611232020100625_SAFFRON_2010_forestedhighsev.tif,2010,0.0077,SAFFRON_2010,32.15,12.75,34.4,104
az3669911364820100808_MUSTANG_2010_forestedhighsev.tif,2010,0.0092,MUSTANG_2010,33.75,20.85,22.7,73
nm3213310458320100516_CAVEWFINCIDENTS_2010_forestedhighsev.tif,2010,0.0169,CAVEWFINCIDENTS_2010,35.55,18.35,31.1,94
nm3314210797620100606_ASPEN_2010_forestedhighsev.tif,2010,0.0095,ASPEN_2010,32.25,16.25,23.8,118
nm3345810511220100623_DEADMAN_2010_forestedhighsev.tif,2010,0.0192,DEADMAN_2010,33.35,16.65,46.4,73
nm3387910755220100615_FISHERRX_2010_forestedhighsev.tif,2010,0.0076,FISHERRX_2010,30.55,15.45,23.9,88
nm3577510672020101009_VIRGINCANYON_2010_forestedhighsev.tif,2010,0.0157,VIRGINCANYON_2010,20.95,4.75,54.8,59
nm3586210676620100601_RIO_2010_forestedhighsev.tif,2010,0.0063,RIO_2010,31.85,11.75,34.1,116
nm3606710641620100610_SOUTHFORK_2010_forestedhighsev.tif,2010,0.0051,SOUTHFORK_2010,25.85,12.75,24,108
nm3696310515520100523_H12_2010_forestedhighsev.tif,2010,0.0082,H12_2010,29.25,10.15,33,108
az3133911054620110523_ARLENE_2011_forestedhighsev.tif,2011,0.0257,ARLENE_2011,34.25,15.65,18.1,127
az3134011074320110214_DUQUESNE_2011_forestedhighsev.tif,2011,0.0149,DUQUESNE_2011,21.85,4.95,17.8,91
az3154111115820110530_MURPHYCOMPLEX_2011_forestedhighsev.tif,2011,0.0232,MURPHYCOMPLEX_2011,34.25,16.25,17.1,115
az3155211041720110612_MONUMENT_2011_forestedhighsev.tif,2011,0.002,MONUMENT_2011,36.85,17.75,18.7,131
az3182010921120110508_HORSESHOE2_2011_forestedhighsev.tif,2011,0.0111,HORSESHOE2_2011,23.25,1.75,13.2,144
az3307311037720110626_STANLEY_2011_forestedhighsev.tif,2011,0.0234,STANLEY_2011,36.05,18.25,20.5,91
az3331811087020110817_FRIO_2011_forestedhighsev.tif,2011,0.015,FRIO_2011,35.15,18.15,54.2,48
az3360210944920110529_WALLOWB_2011_forestedhighsev.tif,2011,0.0066,WALLOWB_2011,27.55,6.15,25.8,126
az3360210944920110529_WALLOWT_2011_forestedhighsev.tif,2011,0.0071,WALLOWT_2011,25.65,4.55,29.5,127
az3383511101020110820_TANNER_2011_forestedhighsev.tif,2011,0.0108,TANNER_2011,35.05,19.45,43.1,57
az3418911085320110801_BLUFF_2011_forestedhighsev.tif,2011,0.0185,BLUFF_2011,30.45,16.25,52.9,55
az3446711047420110623_WASH_2011_forestedhighsev.tif,2011,0.0204,WASH_2011,34.35,16.55,21.1,110
az3580711193420110820_ARMSTRONG_2011_forestedhighsev.tif,2011,0.0205,ARMSTRONG_2011,32.25,14.45,33.5,75
az3585011202320110704_PARALLEL_2011_forestedhighsev.tif,2011,0.0066,PARALLEL_2011,31.55,13.45,50,73
az3599011395020110803_NEWWATER_2011_forestedhighsev.tif,2011,0.0237,NEWWATER_2011,35.55,20.55,30,84
az3621711223520110704_POINT_2011_forestedhighsev.tif,2011,0.012,POINT_2011,29.35,11.55,48.7,66
nm3133610881020110330_TRUCKSTOP_2011_forestedhighsev.tif,2011,0.0094,TRUCKSTOP_2011,27.35,7.25,25.6,140
nm3158510868020110731_PARK_2011_forestedhighsev.tif,2011,0.0206,PARK_2011,32.85,17.35,58.6,59
nm3202810492620110224_DOGCANYON_2011_forestedhighsev.tif,2011,0.0253,DOGCANYON_2011,20.35,6.35,21.1,132
nm3218910476820110510_QUEEN_2011_forestedhighsev.tif,2011,0.0073,QUEEN_2011,26.75,11.55,22.7,144
nm3223310475220110424_LASTCHANCE_2011_forestedhighsev.tif,2011,0.0162,LASTCHANCE_2011,29.25,12.05,13.5,152
nm3234910450720110807_TOMSCANYON_2011_forestedhighsev.tif,2011,0.0195,TOMSCANYON_2011,39.05,22.25,48.8,69
nm3240310490220110720_ACREY_2011_forestedhighsev.tif,2011,0.017,ACREY_2011,34.85,20.45,47.4,65
nm3257210553420110603_GAGE_2011_forestedhighsev.tif,2011,0.0189,GAGE_2011,30.45,12.55,18.8,110
nm3258910518820110602_WELLS_2011_forestedhighsev.tif,2011,0.0193,WELLS_2011,32.15,15.95,16.7,122
nm3287010548020110509_MAYHILL_2011_forestedhighsev.tif,2011,0.0105,MAYHILL_2011,24.45,5.85,17.4,136
nm3307110526320110802_LINCOLNCANYONCOMPLEX_2011_forestedhighsev.tif,2011,0.019,LINCOLNCANYONCOMPLEX_2011,34.65,17.45,37.7,58
nm3314410836920110428_MILLER_2011_forestedhighsev.tif,2011,0.0118,MILLER_2011,27.35,4.65,14.5,137
nm3317110540120110628_NUMBER3_2011_forestedhighsev.tif,2011,0.0227,NUMBER3_2011,32.75,13.75,38.6,105
nm3329610850520110711_JACKCOMPLEX_2011_forestedhighsev.tif,2011,0.0158,JACKCOMPLEX_2011,27.95,14.35,44.4,66
nm3330110523720110628_DONALDSON_2011_forestedhighsev.tif,2011,0.0129,DONALDSON_2011,34.15,15.05,39.8,108
nm3333310563620110403_WHITE_2011_forestedhighsev.tif,2011,0.0114,WHITE_2011,24.55,6.75,18.8,135
nm3342610506820110601_RIVERSIDE_2011_forestedhighsev.tif,2011,0.0333,RIVERSIDE_2011,35.15,16.55,18.4,114
nm3485810491220110401_BRUSH_2011_forestedhighsev.tif,2011,0.0243,BRUSH_2011,30.85,9.85,26.5,123
nm3499910519320110507_MILAGRO_2011_forestedhighsev.tif,2011,0.0135,MILAGRO_2011,28.75,6.55,15.6,126
nm3572810657220110817_GUACAMALLA_2011_forestedhighsev.tif,2011,0.0091,GUACAMALLA_2011,27.15,13.95,46.3,46
nm3581210583720110618_PACHECO_2011_forestedhighsev.tif,2011,0.0048,PACHECO_2011,23.05,9.35,34.6,106
nm3581210654120110626_LASCONCHAS_2011_forestedhighsev.tif,2011,0.0038,LASCONCHAS_2011,28.25,12.55,29.6,120
nm3651510314920110409_RABBITEAR_2011_forestedhighsev.tif,2011,0.007,RABBITEAR_2011,27.35,9.35,31.3,129
nm3692010445620110612_TRACK_2011_forestedhighsev.tif,2011,0.0067,TRACK_2011,30.85,11.65,18,118
az3178311160920120530_MONTEZUMA_2012_forestedhighsev.tif,2012,0.0103,MONTEZUMA_2012,35.35,17.15,14.4,115
az3389711114620120808_MISTAKEPEAK_2012_forestedhighsev.tif,2012,0.003,MISTAKEPEAK_2012,35.75,20.45,42.5,66
az3393111147420120512_SUNFLOWER_2012_forestedhighsev.tif,2012,0.0245,SUNFLOWER_2012,35.45,12.55,15.3,120
az3415011088320120614_POCO_2012_forestedhighsev.tif,2012,0.0099,POCO_2012,33.35,15.75,12.9,118
az3421511233820120513_GLADIATOR_2012_forestedhighsev.tif,2012,0.0082,GLADIATOR_2012,30.85,11.75,16.3,112
az3471811113020120629_CANYON_2012_forestedhighsev.tif,2012,0.0035,CANYON_2012,33.45,16.75,40.9,92
az3572811381120120627_BLACKCANYON_2012_forestedhighsev.tif,2012,0.0054,BLACKCANYON_2012,39.55,19.85,26.7,104
az3620311378020120711_PLATEAU_2012_forestedhighsev.tif,2012,0.0161,PLATEAU_2012,37.95,22.75,22.1,86
az3633311376620120813_PIGEONCANYON_2012_forestedhighsev.tif,2012,0.0118,PIGEONCANYON_2012,36.55,22.75,32.6,66
az3660111368320120711_HOBBLECOMPLEX_2012_forestedhighsev.tif,2012,0.0099,HOBBLECOMPLEX_2012,37.15,21.65,24.4,72
nm3326710859220120509_WHITEWATERBALDY_2012_forestedhighsev.tif,2012,0.0029,WHITEWATERBALDY_2012,23.95,7.75,21.7,125
nm3341910582920120604_LITTLEBEAR_2012_forestedhighsev.tif,2012,0.0026,LITTLEBEAR_2012,29.25,10.55,23.9,126
nm3381410620220120322_LOWERTAYLORRXLP11_2012_forestedhighsev.tif,2012,0.0227,LOWERTAYLORRXLP11_2012,27.45,8.45,20.3,96
az3143511076720130517_SOLDIERBASIN_2013_forestedhighsev.tif,2013,0.0199,SOLDIERBASIN_2013,31.55,12.85,21.6,108
az3163711164220130707_COYOTE_2013_forestedhighsev.tif,2013,0.0199,COYOTE_2013,35.45,19.75,53.7,65
az3339910989520130616_CREEK_2013_forestedhighsev.tif,2013,0.0059,CREEK_2013,37.05,16.05,23.9,108
az3343510971420130513_PINESALT_2013_forestedhighsev.tif,2013,0.0096,PINESALT_2013,27.95,8.25,26.5,94
az3422811279120130628_YARNELLHILL_2013_forestedhighsev.tif,2013,0.0174,YARNELLHILL_2013,40.25,24.25,18.9,92
az3459511259620130618_DOCE_2013_forestedhighsev.tif,2013,0.0075,DOCE_2013,38.95,21.05,23.5,114
az3511911386220130629_DEANPEAK_2013_forestedhighsev.tif,2013,0.0168,DEANPEAK_2013,37.05,22.35,20.4,99
az3589811315620130801_PROSPECT_2013_forestedhighsev.tif,2013,0.0076,PROSPECT_2013,30.75,14.25,35.2,62
az3591311201420130726_SKINNER_2013_forestedhighsev.tif,2013,0.0146,SKINNER_2013,30.25,12.85,64.9,56
az3596311382420130701_BEAVER_2013_forestedhighsev.tif,2013,0.0202,BEAVER_2013,39.05,22.85,22.7,100
az3641611351820130702_DEWDROP_2013_forestedhighsev.tif,2013,0.0102,DEWDROP_2013,35.85,18.75,26.4,100
nm3288810780920130607_SILVER_2013_forestedhighsev.tif,2013,0.0054,SILVER_2013,31.05,13.55,23.7,105
nm3571510568020130530_TRESLAGUNAS_2013_forestedhighsev.tif,2013,0.0055,TRESLAGUNAS_2013,28.85,8.45,24,115
nm3589210662020130531_THOMPSONRIDGE_2013_forestedhighsev.tif,2013,0.0054,THOMPSONRIDGE_2013,30.55,11.45,22.2,109
nm3591110572720130610_JAROSO_2013_forestedhighsev.tif,2013,0.0028,JAROSO_2013,24.25,6.85,24.1,86
nm3635110502720130613_WHITESPEAK_2013_forestedhighsev.tif,2013,0.0106,WHITESPEAK_2013,32.75,11.55,19.5,108
az3269411028920140617_OAK_2014_forestedhighsev.tif,2014,0.0101,OAK_2014,31.35,19.65,28.2,97
az3330610975220140517_BARLOW_2014_forestedhighsev.tif,2014,0.0095,BARLOW_2014,31.75,13.55,22.4,97
az3341710997520140419_SKUNK_2014_forestedhighsev.tif,2014,0.0098,SKUNK_2014,25.55,6.95,27.4,96
az3350010980820140523_BLACKRIVERTANK_2014_forestedhighsev.tif,2014,0.012,BLACKRIVERTANK_2014,34.05,13.65,25.4,92
az3406011035120140617_DEHOSE_2014_forestedhighsev.tif,2014,0.0204,DEHOSE_2014,34.85,16.45,23.4,124
az3413810967520140626_SANJUAN_2014_forestedhighsev.tif,2014,0.0089,SANJUAN_2014,27.95,10.35,47.7,108
az3448811122620140705_GENERAL_2014_forestedhighsev.tif,2014,0.017,GENERAL_2014,27.75,14.35,47.4,56
az3475611106120140614_JACK_2014_forestedhighsev.tif,2014,0.0074,JACK_2014,30.35,15.05,19.9,142
az3486011152620140706_BARM_2014_forestedhighsev.tif,2014,0.0164,BARM_2014,27.85,12.85,56.2,51
az3495311175320140520_SLIDE_2014_forestedhighsev.tif,2014,0.0088,SLIDE_2014,30.45,11.05,21.8,112
az3498711198720140711_WILLARD_2014_forestedhighsev.tif,2014,0.0155,WILLARD_2014,31.85,15.65,48.2,63
az3532511198020140815_SITGREAVESFY14_2014_forestedhighsev.tif,2014,0.012,SITGREAVESFY14_2014,27.55,10.95,76.9,32
az3588311194020140830_HAMMER_2014_forestedhighsev.tif,2014,0.0138,HAMMER_2014,29.55,13.75,57,51
az3592011206820140704_MCRAE_2014_forestedhighsev.tif,2014,0.0266,MCRAE_2014,31.25,14.55,72.4,62
az3593311195020140704_MCRAECOMPLEX_2014_forestedhighsev.tif,2014,0.0082,MCRAECOMPLEX_2014,30.35,12.55,65.7,61
az3595311190420140826_BELKNAP_2014_forestedhighsev.tif,2014,0.0272,BELKNAP_2014,28.25,13.25,56.2,49
az3628411223620140523_GALAHAD_2014_forestedhighsev.tif,2014,0.0162,GALAHAD_2014,28.05,11.05,19.7,83
nm3293110814820140511_SIGNAL_2014_forestedhighsev.tif,2014,0.0134,SIGNAL_2014,24.55,12.85,18.2,130
nm3411310842020140506_UNNAMED_2014_forestedhighsev.tif,2014,0.0122,UNNAMED_2014,25.95,9.35,20.1,106
nm3574710658020140813_PINO_2014_forestedhighsev.tif,2014,0.0049,PINO_2014,28.65,12.75,76.9,32
nm3599610892020140613_ASSAYIILAKE_2014_forestedhighsev.tif,2014,0.0063,ASSAYIILAKE_2014,24.65,8.45,23.3,145
nm3607710673020140625_DIEGO_2014_forestedhighsev.tif,2014,0.0089,DIEGO_2014,30.75,14.15,29,96
az3150310908920150617_HOG_2015_forestedhighsev.tif,2015,0.0185,HOG_2015,36.15,19.45,30.6,83
az3350710993220150617_SAWMILL_2015_forestedhighsev.tif,2015,0.0276,SAWMILL_2015,35.15,17.35,26.5,91
az3357411024620150616_WHITETAIL_2015_forestedhighsev.tif,2015,0.0105,WHITETAIL_2015,34.95,15.05,21.7,92
az3401111007620150828_PLAYGROUND_2015_forestedhighsev.tif,2015,0.0208,PLAYGROUND_2015,29.55,12.85,68.4,36
az3431611226820150802_SAHILL_2015_forestedhighsev.tif,2015,0.0212,SAHILL_2015,36.95,21.95,45,66
az3449111148820150606_HORSETANK_2015_forestedhighsev.tif,2015,0.0127,HORSETANK_2015,32.05,17.55,18,81
az3451711200120150702_UNNAMED_2015_forestedhighsev.tif,2015,0.0199,UNNAMED_2015,35.25,21.25,50.1,75
az3453611088620150626_ALDER_2015_forestedhighsev.tif,2015,0.0228,ALDER_2015,32.05,15.85,38.7,58
az3491611139320150614_CAMILLO_2015_forestedhighsev.tif,2015,0.0183,CAMILLO_2015,30.75,13.85,33.5,75
az3542611187920150909_BULL_2015_forestedhighsev.tif,2015,0.0081,BULL_2015,26.95,10.95,46.1,65
az3587911183020150731_ROCK_2015_forestedhighsev.tif,2015,0.0221,ROCK_2015,31.45,12.25,55.3,59
az3587911195320150629_MASONJARCOMPLEX_2015_forestedhighsev.tif,2015,0.0165,MASONJARCOMPLEX_2015,31.95,13.75,72.8,58
az3628611317320150624_MOUNTEMMA_2015_forestedhighsev.tif,2015,0.0127,MOUNTEMMA_2015,34.85,17.25,26.9,73
nm3368910849720150616_PINON_2015_forestedhighsev.tif,2015,0.0151,PINON_2015,33.05,14.55,25.7,66
nm3375610745620150615_REDCANYON_2015_forestedhighsev.tif,2015,0.0133,REDCANYON_2015,32.05,16.65,31.1,60
nm3553810546220150606_COMMISSARY_2015_forestedhighsev.tif,2015,0.0193,COMMISSARY_2015,30.95,14.55,53,51
nm3699310709220150818_NAVAJORIVER_2015_forestedhighsev.tif,2015,0.0093,NAVAJORIVER_2015,29.05,12.25,44.4,58